{
  "formatVersion": 1,
  "database": {
    "version": 2,
    "identityHash": "2bc3f69c4eaefa0004ae775d37353525",
    "entities": [
      {
        "tableName": "WeeksDays",
        "createSql": "CREATE TABLE IF NOT EXISTS `${TABLE_NAME}` (`id` INTEGER PRIMARY KEY AUTOINCREMENT NOT NULL, `meals` TEXT, `caloriesConsumed` INTEGER NOT NULL, `caloriesEaten` INTEGER NOT NULL, `dayOfWeek` TEXT, `dateFormat` TEXT)",
        "fields": [
          {
            "fieldPath": "id",
            "columnName": "id",
            "affinity": "INTEGER",
            "notNull": true
          },
          {
            "fieldPath": "meals",
            "columnName": "meals",
            "affinity": "TEXT",
            "notNull": false
          },
          {
            "fieldPath": "caloriesConsumed",
            "columnName": "caloriesConsumed",
            "affinity": "INTEGER",
            "notNull": true
          },
          {
            "fieldPath": "caloriesEaten",
            "columnName": "caloriesEaten",
            "affinity": "INTEGER",
            "notNull": true
          },
          {
            "fieldPath": "dayOfWeek",
            "columnName": "dayOfWeek",
            "affinity": "TEXT",
            "notNull": false
          },
          {
            "fieldPath": "dateFormat",
            "columnName": "dateFormat",
            "affinity": "TEXT",
            "notNull": false
          }
        ],
        "primaryKey": {
          "columnNames": [
            "id"
          ],
          "autoGenerate": true
        },
        "indices": [],
        "foreignKeys": []
      }
    ],
    "setupQueries": [
      "CREATE TABLE IF NOT EXISTS room_master_table (id INTEGER PRIMARY KEY,identity_hash TEXT)",
      "INSERT OR REPLACE INTO room_master_table (id,identity_hash) VALUES(42, \"2bc3f69c4eaefa0004ae775d37353525\")"
    ]
  }
}