{
  "formatVersion": 1,
  "database": {
    "version": 1,
    "identityHash": "7055fa33f56a948e2816b5090ad9abf2",
    "entities": [
      {
        "tableName": "WeeksDays",
        "createSql": "CREATE TABLE IF NOT EXISTS `${TABLE_NAME}` (`id` INTEGER PRIMARY KEY AUTOINCREMENT NOT NULL, `caloriesConsumed` INTEGER NOT NULL, `caloriesEaten` INTEGER NOT NULL, `dayOfWeek` TEXT, `dateFormat` TEXT)",
        "fields": [
          {
            "fieldPath": "id",
            "columnName": "id",
            "affinity": "INTEGER",
            "notNull": true
          },
          {
            "fieldPath": "caloriesConsumed",
            "columnName": "caloriesConsumed",
            "affinity": "INTEGER",
            "notNull": true
          },
          {
            "fieldPath": "caloriesEaten",
            "columnName": "caloriesEaten",
            "affinity": "INTEGER",
            "notNull": true
          },
          {
            "fieldPath": "dayOfWeek",
            "columnName": "dayOfWeek",
            "affinity": "TEXT",
            "notNull": false
          },
          {
            "fieldPath": "dateFormat",
            "columnName": "dateFormat",
            "affinity": "TEXT",
            "notNull": false
          }
        ],
        "primaryKey": {
          "columnNames": [
            "id"
          ],
          "autoGenerate": true
        },
        "indices": [],
        "foreignKeys": []
      },
      {
        "tableName": "Meal",
        "createSql": "CREATE TABLE IF NOT EXISTS `${TABLE_NAME}` (`id` INTEGER PRIMARY KEY AUTOINCREMENT NOT NULL, `idWeeksDay` INTEGER NOT NULL, `Name` TEXT, `foodList` TEXT, `caloriesEaten` INTEGER NOT NULL, `time` TEXT, `recommendedCalories` REAL, `guidelines` TEXT, FOREIGN KEY(`idWeeksDay`) REFERENCES `WeeksDays`(`id`) ON UPDATE NO ACTION ON DELETE NO ACTION )",
        "fields": [
          {
            "fieldPath": "id",
            "columnName": "id",
            "affinity": "INTEGER",
            "notNull": true
          },
          {
            "fieldPath": "idWeeksDay",
            "columnName": "idWeeksDay",
            "affinity": "INTEGER",
            "notNull": true
          },
          {
            "fieldPath": "Name",
            "columnName": "Name",
            "affinity": "TEXT",
            "notNull": false
          },
          {
            "fieldPath": "foodList",
            "columnName": "foodList",
            "affinity": "TEXT",
            "notNull": false
          },
          {
            "fieldPath": "caloriesEaten",
            "columnName": "caloriesEaten",
            "affinity": "INTEGER",
            "notNull": true
          },
          {
            "fieldPath": "time",
            "columnName": "time",
            "affinity": "TEXT",
            "notNull": false
          },
          {
            "fieldPath": "recommendedCalories",
            "columnName": "recommendedCalories",
            "affinity": "REAL",
            "notNull": false
          },
          {
            "fieldPath": "guidelines",
            "columnName": "guidelines",
            "affinity": "TEXT",
            "notNull": false
          }
        ],
        "primaryKey": {
          "columnNames": [
            "id"
          ],
          "autoGenerate": true
        },
        "indices": [
          {
            "name": "index_Meal_idWeeksDay",
            "unique": false,
            "columnNames": [
              "idWeeksDay"
            ],
            "createSql": "CREATE  INDEX `index_Meal_idWeeksDay` ON `${TABLE_NAME}` (`idWeeksDay`)"
          }
        ],
        "foreignKeys": [
          {
            "table": "WeeksDays",
            "onDelete": "NO ACTION",
            "onUpdate": "NO ACTION",
            "columns": [
              "idWeeksDay"
            ],
            "referencedColumns": [
              "id"
            ]
          }
        ]
      },
      {
        "tableName": "User",
        "createSql": "CREATE TABLE IF NOT EXISTS `${TABLE_NAME}` (`username` TEXT NOT NULL, `age` INTEGER NOT NULL, `gender` TEXT, `maxCalories` INTEGER NOT NULL, `activity` TEXT, `height` REAL, `weight` INTEGER NOT NULL, `ADDED_DEFAULT_MEALS` TEXT, PRIMARY KEY(`username`))",
        "fields": [
          {
            "fieldPath": "username",
            "columnName": "username",
            "affinity": "TEXT",
            "notNull": true
          },
          {
            "fieldPath": "age",
            "columnName": "age",
            "affinity": "INTEGER",
            "notNull": true
          },
          {
            "fieldPath": "gender",
            "columnName": "gender",
            "affinity": "TEXT",
            "notNull": false
          },
          {
            "fieldPath": "maxCalories",
            "columnName": "maxCalories",
            "affinity": "INTEGER",
            "notNull": true
          },
          {
            "fieldPath": "activity",
            "columnName": "activity",
            "affinity": "TEXT",
            "notNull": false
          },
          {
            "fieldPath": "height",
            "columnName": "height",
            "affinity": "REAL",
            "notNull": false
          },
          {
            "fieldPath": "weight",
            "columnName": "weight",
            "affinity": "INTEGER",
            "notNull": true
          },
          {
            "fieldPath": "ADDED_DEFAULT_MEALS",
            "columnName": "ADDED_DEFAULT_MEALS",
            "affinity": "TEXT",
            "notNull": false
          }
        ],
        "primaryKey": {
          "columnNames": [
            "username"
          ],
          "autoGenerate": false
        },
        "indices": [],
        "foreignKeys": []
      }
    ],
    "setupQueries": [
      "CREATE TABLE IF NOT EXISTS room_master_table (id INTEGER PRIMARY KEY,identity_hash TEXT)",
      "INSERT OR REPLACE INTO room_master_table (id,identity_hash) VALUES(42, \"7055fa33f56a948e2816b5090ad9abf2\")"
    ]
  }
}